"","term","estimate","std.error","statistic","p.value"
"1","(Intercept)",14.9090510765406,0.711373251926688,3.79824301238314,0.000229374402637487
"2","LAD_3",1.36879256364358,1.75575771768247,0.178799732823877,0.858393990484214
"3","imean_3",1.02763885714589,0.00999301166868471,2.72828652022776,0.00731504773500417
"4","p1th_3",0.935371754862545,0.0165147810177173,-4.04554137652532,9.23211123388875e-05
"5","itot_3",1.00000031806251,5.05972868029186e-07,0.628615645929236,0.530785559342734
"6","pzabovezmean_3",0.975807176566254,0.0104662700056101,-2.33992406731757,0.0209255600587194
"7","zkurt_3",1.68967453536732,0.0999067073919812,5.25025737969404,6.58610149664532e-07
