"","term","estimate","std.error","statistic","p.value"
"1","(Intercept)",4.66262982887525,1.04446075366813,1.47404258562177,0.143067077950445
"2","min_distance_4",1.21747542635091,3.97775796881714,0.0494699259276647,0.960626369979851
"3","isd_3",0.94775654541084,0.0551087043534064,-0.973668660441623,0.332163561298876
"4","zkurt_3",1.48479887065909,0.081454524319677,4.85276079812122,3.66980972382687e-06
"5","imean_3",1.08806066492316,0.0606739566157675,1.39099062906378,0.166780851357895
"6","p1th_3",0.933106703675613,0.0300100874080047,-2.30708153298607,0.0227501958396279
"7","Seasonal_NDVI_Change_1",0.0394419891500934,1.34159356415992,-2.40976432955967,0.0174690355425321
